employee_id,employee_name,department,performance_score,performance_quartile
593,Laurie Bailey,Sales,1.0,1
613,Daniel Clark,Finance,1.0,1
252,Richard Sanchez,Marketing,1.01,1
851,Rebecca Wilson,IT,1.01,1
983,Matthew Baker,Legal,1.01,1
964,Arthur Wood,Sales,1.02,1
314,Steven Cooper,Marketing,1.03,1
359,Robin Brown,Marketing,1.03,1
487,Michael Stephens,Marketing,1.03,1
516,Erin James,HR,1.03,1
585,Victoria Sanchez,Engineering,1.03,1
760,Steven Klein,Operations,1.03,1
902,William Edwards,Legal,1.03,1
307,Brittany Jones,Marketing,1.04,1
515,Taylor Riley,Sales,1.04,1
617,Willie Camacho,IT,1.04,1
873,Olivia Walker,IT,1.04,1
231,Edward Burgess,Marketing,1.05,1
727,Brooke Fry,Finance,1.05,1
777,Brandy Mccann,IT,1.05,1
5,Leah Pacheco,Operations,1.06,1
10,Lisa Hensley,Engineering,1.06,1
123,Michael Powell,Finance,1.07,1
142,Jessica Gross,Marketing,1.07,1
731,Travis Fry,Operations,1.07,1
750,Matthew Greene,Marketing,1.07,1
959,Eddie Marshall,Legal,1.07,1
198,Jordan Hoover,Marketing,1.1,1
118,Taylor Silva,Marketing,1.11,1
273,Kristina Rivera,Marketing,1.11,1
163,Angela Soto,Operations,1.12,1
375,Larry Shelton,Legal,1.13,1
455,Sherri Smith,Legal,1.13,1
696,William Johnson,Engineering,1.13,1
736,Jeremy Baker,Engineering,1.13,1
521,Amanda Bradford,Legal,1.14,1
300,Gary Jackson,Operations,1.15,1
44,Robert Lee,Operations,1.16,1
187,Mr. Jose Travis,IT,1.16,1
298,Anita Richard,Operations,1.16,1
444,Dale Ryan,Finance,1.16,1
64,Dr. Angel Lewis MD,Operations,1.18,1
145,Brandon Keith,Sales,1.19,1
236,Misty Whitney,HR,1.19,1
304,Christopher Mejia,Legal,1.2,1
900,David Mueller,Legal,1.2,1
941,Matthew Hunt,Marketing,1.2,1
271,Andrea Decker,HR,1.21,1
389,Patricia Morrow,Engineering,1.21,1
495,Kyle Chambers,Legal,1.21,1
601,Robin Maynard,IT,1.22,1
744,Linda Austin,Marketing,1.22,1
754,Jacob Griffin,IT,1.22,1
324,Parker Jennings,Operations,1.23,1
349,Riley Bryant,HR,1.23,1
688,Emily Owen,Sales,1.23,1
328,Randy Conley,Engineering,1.25,1
378,Kathryn Hughes,Engineering,1.25,1
407,Danielle Davis,Finance,1.25,1
866,Joan Gates,Operations,1.25,1
19,Mary Foster,Legal,1.26,1
137,Mark Garcia,Legal,1.26,1
620,Jennifer Hayes,Engineering,1.27,1
950,Nancy Graham,Engineering,1.27,1
262,Victor Brown,HR,1.28,1
447,Jason Love,Finance,1.28,1
705,Daniel Lopez,Operations,1.28,1
394,Teresa Jacobson,Engineering,1.29,1
610,Ruth Gonzales,Operations,1.29,1
889,Mark Harris,HR,1.29,1
901,Matthew House,Engineering,1.29,1
992,Leah Figueroa,Marketing,1.29,1
984,Jody Garza,Marketing,1.3,1
796,Brian Hunt,IT,1.31,1
280,Sandra Adams,Engineering,1.32,1
445,Chad Gilbert,Operations,1.32,1
524,Lisa Estrada,Marketing,1.32,1
698,Brenda Smith,Operations,1.32,1
176,Donna Martinez,Legal,1.33,1
907,Cody Thompson,IT,1.33,1
27,Ashley Graham,Legal,1.34,1
309,Jodi Brown,HR,1.34,1
458,Corey Rodriguez,Legal,1.34,1
649,Kathryn Wheeler,HR,1.34,1
301,Jordan Bullock,Operations,1.35,1
854,Ian Johnson,Engineering,1.35,1
781,Emily Hunter,Marketing,1.36,1
325,Jay Cox,Sales,1.37,1
540,Christopher Allen,HR,1.37,1
586,Kristin Mullen,Sales,1.37,1
699,Bianca Colon MD,Legal,1.37,1
804,Cheryl Barber,Legal,1.37,1
42,Cynthia Caldwell,Engineering,1.38,1
247,Trevor Johnson,IT,1.38,1
504,Tammy Boone,Legal,1.38,1
542,Virginia Ramsey,IT,1.39,1
574,Mary Kelly,Engineering,1.39,1
575,Victoria Byrd,IT,1.39,1
371,Mr. William Gould Jr.,Marketing,1.41,1
396,Kim Shaw,Marketing,1.41,1
539,Mr. Paul Marquez,Operations,1.41,1
332,David Wallace,Engineering,1.42,1
344,Raven Taylor,IT,1.42,1
421,John Bryant,Operations,1.42,1
606,Ashley Hampton,Finance,1.42,1
83,Brian Brennan,IT,1.43,1
507,Justin Mendoza,Operations,1.43,1
701,Austin Orr,Operations,1.43,1
333,Joann Ferguson,IT,1.44,1
937,Rebecca Daniel,HR,1.44,1
72,Donald Smith,Legal,1.45,1
106,Matthew Smith,Operations,1.45,1
895,Alexander Thomas,Operations,1.45,1
932,Benjamin Reilly,Engineering,1.45,1
11,Angel Perez,Finance,1.46,1
267,Samuel Curtis,Finance,1.46,1
342,Kathryn Young,Legal,1.46,1
424,Michael Evans,Marketing,1.46,1
93,Helen Jones,Engineering,1.47,1
386,Rachel Johnson,HR,1.48,1
223,Kenneth Andrews,Operations,1.49,1
587,Cathy Davidson,Engineering,1.49,1
619,Michael Burns,IT,1.49,1
94,Erik Charles,Operations,1.5,1
622,Jacob Clements,IT,1.5,1
289,John Estrada,Engineering,1.51,1
563,Dr. Doris Neal,IT,1.51,1
694,Russell Murphy,HR,1.52,1
316,Joseph Moore,Operations,1.54,1
773,Melissa Williams,Marketing,1.54,1
9,William Gray,HR,1.56,1
95,Eric Ortiz,Engineering,1.56,1
104,Sarah Jones,Sales,1.56,1
109,Joyce Solis,Sales,1.56,1
277,Ryan Richardson,Marketing,1.56,1
313,John Hernandez,Marketing,1.57,1
629,Scott Alexander,IT,1.58,1
989,Ronald Prince,Operations,1.58,1
76,Bethany Parker,Sales,1.59,1
943,Samuel York,Marketing,1.59,1
472,Bradley Griffin,HR,1.61,1
555,Laura Jackson MD,IT,1.61,1
474,Kenneth Hernandez,Engineering,1.62,1
520,Thomas Weaver,Legal,1.62,1
626,Ronald Morgan,HR,1.62,1
690,Penny Richards,Finance,1.62,1
922,Corey Palmer,Sales,1.63,1
513,Julie Franco DVM,IT,1.64,1
809,Ann Kelly,IT,1.64,1
365,Jasmine Beltran,Marketing,1.65,1
387,Regina Arnold,Engineering,1.65,1
392,Mr. Thomas Brown,Sales,1.65,1
714,Dr. Ariel Sandoval MD,IT,1.65,1
717,Christopher Watkins,Legal,1.65,1
752,Elizabeth Sanders,Finance,1.65,1
63,Paul Jones,Sales,1.66,1
245,Tracy Barnes,Engineering,1.66,1
739,James Payne,HR,1.66,1
197,Donald Tyler,HR,1.67,1
888,Michael Valencia,HR,1.67,1
978,Amy Scott,Sales,1.67,1
79,Marc Moore,Marketing,1.68,1
512,Kayla Crawford,IT,1.68,1
45,Jessica Owens,Legal,1.69,1
609,Elizabeth Kidd,Operations,1.69,1
758,Robert Barnes,Sales,1.69,1
898,Amanda Cervantes,IT,1.69,1
238,Jesse Chambers,Sales,1.7,1
463,Danielle Green,Operations,1.7,1
768,Jason Perry,Sales,1.7,1
954,Deborah Mercado,Engineering,1.7,1
29,Thomas Harrell,HR,1.72,1
511,Jamie Ferguson,Engineering,1.72,1
917,Alexa Caldwell MD,Operations,1.73,1
934,James Guerrero,Marketing,1.73,1
414,Jessica Khan,Finance,1.74,1
16,Mark Hawkins DDS,Operations,1.75,1
90,Lisa Dixon,Sales,1.75,1
364,Isabel Preston,Operations,1.76,1
792,Maria Burke,IT,1.76,1
654,Lori Mason,Engineering,1.77,1
667,Kathryn Bradley,IT,1.77,1
299,Joseph Foster,Finance,1.78,1
456,Victoria Mitchell,Finance,1.79,1
655,Angela Herrera,Sales,1.79,1
835,Mary Nelson,Operations,1.79,1
925,Ashley Medina,Legal,1.79,1
406,Kristina Flores,HR,1.8,1
582,John Alvarez,IT,1.8,1
250,Cheryl Martinez,Marketing,1.81,1
634,Matthew Padilla,Legal,1.81,1
637,Brandi Jones,HR,1.81,1
71,Susan Mathis,Sales,1.82,1
272,Parker Cain,HR,1.82,1
673,Denise Miller,Engineering,1.82,1
681,Shawn Tapia,Legal,1.82,1
790,Megan Adams,Legal,1.82,1
219,Alexandra Ballard,Sales,1.83,1
429,Lisa Randall,Marketing,1.83,1
581,Brenda Collins,Legal,1.83,1
596,Clayton Steele,Finance,1.83,1
77,Scott Nolan,Marketing,1.84,1
497,Amy Fry,IT,1.84,1
509,Mrs. Yvonne Mendoza,HR,1.84,1
985,Brian Harris,Marketing,1.84,1
336,Joseph Burch,Engineering,1.86,1
590,Arthur Garcia,Marketing,1.86,1
122,Colleen Graham,Marketing,1.87,1
146,Lisa Gray,Finance,1.87,1
537,Benjamin Frost,IT,1.87,1
133,Pamela Jackson,Engineering,1.88,1
228,Megan Le,IT,1.88,1
352,Jason Beck,HR,1.88,1
665,Renee Nelson,Operations,1.88,1
719,Justin Hart,Sales,1.88,1
18,Christine Hahn,Legal,1.89,1
746,Brian Harris,Sales,1.89,1
87,James Zavala,Engineering,1.9,1
697,Paul Wright,HR,1.9,1
268,Daniel Hayes,Engineering,1.91,1
311,Joel Spencer,Finance,1.91,1
683,Cynthia Vasquez,HR,1.91,1
212,Tammie Bright,Operations,1.92,1
738,Morgan Costa,Legal,1.93,1
847,Matthew Jackson,Operations,1.93,1
783,Russell Wright,HR,1.94,1
891,Tina Gordon,Engineering,1.94,1
821,Curtis Watson,Sales,1.95,1
908,Jeffrey Hawkins,Marketing,1.95,1
920,Douglas Pruitt,Finance,1.95,1
141,Tyler Reid,IT,1.96,1
485,Cassandra Medina,Operations,1.96,1
706,Amanda Harvey,HR,1.96,1
927,Joe Rivera,Legal,1.96,1
200,Joshua Reed,Sales,1.97,1
631,Caitlin Cantu,Operations,1.97,1
806,Sarah Pittman,Marketing,1.97,1
916,Joseph Barajas,IT,1.97,1
100,John Santana,Operations,1.99,1
411,Alexander Landry,Finance,1.99,1
41,Darryl Whitehead,Sales,2.0,1
370,Andrew Berg,Marketing,2.0,1
391,Penny Bowman,Sales,2.0,1
471,Daniel Wright,Operations,2.0,1
527,Robert Craig,HR,2.01,1
528,Brian Davis,HR,2.01,1
669,Jordan Williams,Finance,2.01,1
13,Jacob Wood,Finance,2.02,1
343,Alyssa Galvan,IT,2.02,1
492,Anthony Yang,HR,2.02,1
502,Suzanne Hart,Finance,2.02,2
723,Thomas Richard,Engineering,2.02,2
203,Patrick Thornton,Finance,2.03,2
216,Keith Sparks,Operations,2.03,2
803,Mrs. Jennifer Price MD,Operations,2.03,2
119,Ralph James,IT,2.04,2
143,Rhonda Medina,Sales,2.04,2
627,John Cooper,Engineering,2.04,2
740,Sharon Curtis,IT,2.04,2
976,Roy Johnson,Marketing,2.04,2
291,Breanna Scott,Finance,2.05,2
297,Rebecca Montgomery,HR,2.05,2
956,Jared Lawrence,Operations,2.05,2
514,Justin Walker,Operations,2.06,2
828,Thomas Powell,Sales,2.06,2
20,Derek Wright,Finance,2.07,2
34,Bradley Tucker,Finance,2.07,2
263,Melissa Henry,Legal,2.07,2
351,Charles Patterson,IT,2.07,2
935,Brandy Myers,IT,2.07,2
128,Sandra King,IT,2.08,2
382,Michael Bruce,Marketing,2.08,2
410,Jonathan Robertson,Operations,2.08,2
439,Michele Stewart,Sales,2.08,2
161,John Alexander,Operations,2.09,2
725,Shannon Yu,Operations,2.1,2
947,Emily Hayes,Engineering,2.1,2
110,Linda Dodson DVM,Engineering,2.11,2
248,Trevor Foley,HR,2.11,2
611,Cynthia Cochran,Legal,2.11,2
924,Meagan Ayala,Marketing,2.11,2
285,Latoya Miller,HR,2.12,2
413,Matthew Ruiz,Sales,2.12,2
468,Elizabeth Mendez,HR,2.12,2
801,Renee Lang,Marketing,2.12,2
685,Jaime Villegas,Legal,2.13,2
86,Sharon Rasmussen,Engineering,2.14,2
179,Anna Hayden,IT,2.14,2
293,Jonathan Whitaker,Legal,2.14,2
663,Nathan Jackson,IT,2.14,2
91,Dawn Fletcher,IT,2.15,2
275,Warren Burke,Sales,2.15,2
877,Tara Long,IT,2.15,2
879,Sara Chapman,HR,2.15,2
3,Amanda Robinson,Marketing,2.16,2
412,Mr. Harry Williams,HR,2.17,2
591,Gabriel Ellis,Legal,2.17,2
643,Nicole Lawrence,Sales,2.17,2
120,Nicole Castaneda,Legal,2.18,2
383,Ana Daniels,Engineering,2.19,2
522,Phillip Gutierrez,HR,2.19,2
713,Wendy Moreno,IT,2.19,2
668,Brian Berry,Marketing,2.2,2
749,Brittany Ward,Marketing,2.2,2
217,Shelby Harvey,Marketing,2.21,2
227,Lawrence Gomez,Sales,2.21,2
766,James Nguyen,Finance,2.21,2
28,Shawn Baker,Engineering,2.22,2
286,Luke Craig,IT,2.22,2
876,Nathan Rodriguez,Engineering,2.22,2
961,Lucas Martin,Finance,2.22,2
415,Jacob Morales,Sales,2.24,2
594,Robin Mccarthy,HR,2.25,2
630,Dale Barker,IT,2.25,2
131,Christina Smith,Operations,2.26,2
264,Angela Franklin,Sales,2.26,2
357,Amanda Payne,Engineering,2.26,2
638,Ashley Edwards,IT,2.26,2
880,Mary Blanchard,Engineering,2.26,2
53,Derek Bowers MD,Operations,2.28,2
306,Madison Weber,Engineering,2.28,2
802,Melanie Griffith,HR,2.28,2
903,David Oliver,IT,2.28,2
84,Robert Stevens,Finance,2.29,2
940,Paul Berger,IT,2.29,2
8,Lindsey Roman,IT,2.3,2
284,Glen Wood,HR,2.3,2
529,Kelsey Ochoa,Sales,2.3,2
607,Rodney Williams,Marketing,2.3,2
256,Danielle Thompson,Sales,2.31,2
648,Steven Blevins,Legal,2.31,2
80,Vanessa Cochran,Marketing,2.32,2
573,Joshua Little,HR,2.32,2
684,Dr. Brandon Morse PhD,IT,2.32,2
865,Jamie Young,IT,2.33,2
255,Aaron Garrison,IT,2.34,2
729,Rachel Walker,Engineering,2.34,2
350,Linda Smith,Operations,2.35,2
518,Vincent May,Marketing,2.35,2
786,Kirk Thompson,IT,2.35,2
340,Brittany Kim,Engineering,2.36,2
535,Anna Rice,Operations,2.36,2
999,Desiree Becker,Sales,2.36,2
246,Jason Garcia,IT,2.37,2
753,Anna Stephens,Engineering,2.37,2
759,John Keith,HR,2.37,2
221,Mark Coleman,Marketing,2.38,2
31,Paula Moreno,Legal,2.4,2
482,William Brewer,Finance,2.4,2
977,Candace Soto,Legal,2.4,2
761,Robert Byrd,Engineering,2.41,2
831,David Nichols,Engineering,2.41,2
951,Nicholas Humphrey,Finance,2.41,2
211,Shane Johnson,Legal,2.42,2
249,Kimberly Levine,Finance,2.42,2
808,Pamela White,Operations,2.42,2
170,Aaron Hayes,Finance,2.43,2
838,Deborah Mills,Legal,2.43,2
896,Paul Martin,Sales,2.43,2
36,Deborah Brennan,Engineering,2.44,2
820,Jamie Sanford,Engineering,2.44,2
840,Taylor Rivera,Finance,2.44,2
557,Kari Jones,HR,2.45,2
136,James Espinoza,Marketing,2.46,2
464,Troy Turner,IT,2.46,2
544,Troy Sanders,HR,2.46,2
196,Thomas Romero,Engineering,2.47,2
251,Matthew May,IT,2.47,2
818,Paige Jackson,Operations,2.47,2
312,Jerry Pacheco,IT,2.48,2
369,Lance Simmons,Engineering,2.49,2
858,Krystal Levine,Marketing,2.49,2
68,Todd Taylor,Finance,2.51,2
432,Reginald Knapp,Marketing,2.52,2
478,Nathaniel Foster,Legal,2.52,2
408,Lisa Wright,Legal,2.53,2
767,Shane Buchanan,Marketing,2.53,2
815,Keith Knox,Sales,2.54,2
310,Sean Wyatt,Legal,2.55,2
554,Bradley Santana,Finance,2.55,2
148,Shirley Haynes,Finance,2.56,2
208,Julie Costa,IT,2.56,2
816,Michelle Maxwell,Marketing,2.56,2
556,Johnny Brown,HR,2.57,2
167,Wanda Torres,Finance,2.58,2
503,Brandi Sanchez,Operations,2.58,2
580,Jennifer Nixon,Operations,2.58,2
913,Clinton Jones,HR,2.58,2
24,Amy James,IT,2.59,2
162,Todd Woods,Legal,2.59,2
397,Brittany Hopkins,Engineering,2.59,2
952,Eric Arnold,Engineering,2.59,2
22,Yolanda Hicks,Finance,2.6,2
61,Timothy Harris,Sales,2.6,2
107,Brian Coleman,IT,2.6,2
202,Laura Hall,Marketing,2.6,2
335,Victoria Murray,Finance,2.61,2
339,Dominique Hines,IT,2.61,2
660,Jody Lynch,Engineering,2.61,2
948,Kevin Cunningham,Sales,2.61,2
60,Lisa Barnes,Sales,2.62,2
381,Jodi Roach,Engineering,2.62,2
597,Brenda Reyes,Legal,2.62,2
662,Christopher Benton,Operations,2.62,2
722,Tabitha Harris,Sales,2.63,2
863,Sean Jones,IT,2.63,2
66,Michele Carr,Sales,2.64,2
88,Brian Waller,Engineering,2.64,2
214,Michael Berger,Finance,2.64,2
678,Kevin Snyder,Operations,2.64,2
51,Sarah Martin,Legal,2.65,2
423,Nancy Evans MD,Engineering,2.65,2
532,Olivia Davis,Marketing,2.65,2
633,Jennifer Torres,IT,2.65,2
769,Peter Ayers,Engineering,2.65,2
436,Michelle Schneider,Operations,2.66,2
904,Sandra Pruitt,Operations,2.66,2
647,Katrina Adkins,Legal,2.67,2
707,Jason Pierce,Legal,2.67,2
43,Taylor Duncan,IT,2.68,2
664,Derrick Tanner,Sales,2.68,2
126,Julia Williams,Finance,2.69,2
177,Terri Mason,Finance,2.7,2
433,Antonio Taylor,Legal,2.7,2
545,Donald Riddle,HR,2.7,2
841,Susan Conley,Marketing,2.7,2
958,Holly Walker,Legal,2.7,2
138,Kyle Martinez,Finance,2.71,2
644,Mrs. Brenda Hill,Finance,2.71,2
686,Brandi Wilkins,Engineering,2.71,2
784,Michele Hill,Marketing,2.71,2
184,Michael Hodge,Marketing,2.72,2
393,Christopher Morris,HR,2.72,2
224,William Barrett,HR,2.73,2
242,Elizabeth Ortiz,Marketing,2.73,2
130,Richard Pearson,Engineering,2.74,2
612,Michelle Chen,Operations,2.74,2
651,Jacob Vega,Operations,2.74,2
127,Erin Juarez,Finance,2.75,2
234,Renee Francis,Engineering,2.75,2
991,Crystal Lang,Engineering,2.75,2
460,Keith Todd,Operations,2.76,2
970,Terry Black,Marketing,2.76,2
567,Michael Gonzales,IT,2.77,2
842,Ann Hunt,IT,2.77,2
625,Claudia Jordan,Finance,2.78,2
676,Erin Tran,HR,2.78,2
962,Cassidy Fry,Legal,2.78,2
431,Emily Hernandez,Finance,2.79,2
710,Richard Howard MD,Sales,2.79,2
229,Lori Berger,IT,2.8,2
235,Tonya Taylor,Sales,2.8,2
302,Robert Briggs,Legal,2.8,2
477,Jesus Brown,Engineering,2.8,2
861,Sara Grant,IT,2.8,2
113,Mark Cannon,Marketing,2.81,2
183,Katherine Davis,Legal,2.82,2
232,Joshua Mata,Sales,2.82,2
305,Olivia Cole,Marketing,2.82,2
720,Stephen Vasquez MD,HR,2.82,2
855,William Anderson,Marketing,2.82,2
915,Evelyn Ward,Operations,2.82,2
269,Jesse Perry,Engineering,2.83,2
361,Taylor Robertson,Marketing,2.83,2
270,Mary Brooks,Marketing,2.84,2
288,Brian Jordan,Sales,2.84,2
822,Sandra Lee,Legal,2.84,2
65,Sherry Wood,Finance,2.85,2
213,Annette Schultz,Engineering,2.86,2
441,Jamie Baird,Engineering,2.86,2
543,Mrs. Jessica Roberson,Legal,2.86,2
642,Melissa Heath,Operations,2.86,2
721,David Robinson,Marketing,2.86,2
797,Jacqueline Holland,Operations,2.87,2
281,Ellen Morgan,Sales,2.88,2
207,Nathan Ortiz,Engineering,2.89,2
812,Tony Jones,IT,2.89,2
345,Michael Taylor,Operations,2.9,2
426,Molly Watts,Engineering,2.9,2
748,David Williams,Marketing,2.9,2
756,Mary Miller,IT,2.9,2
327,Brenda Jones,Sales,2.91,2
623,Raymond Oconnor,Finance,2.91,2
140,Glenn Atkinson,Operations,2.92,2
168,Patrick Meza,HR,2.92,2
173,Mary Peck,HR,2.92,2
737,David Rodriguez,Legal,2.93,2
885,Veronica Moon,Engineering,2.93,2
919,Thomas Landry,Marketing,2.93,2
996,Bruce Smith,Sales,2.93,2
599,Katherine Taylor,Sales,2.94,2
635,Brandi Perez,Finance,2.94,2
763,Dr. Beth Henderson,Finance,2.94,2
778,Derrick Butler,Marketing,2.94,2
918,Marc Haley,IT,2.94,2
921,Rebekah Griffin,Operations,2.94,2
159,William Tran,Sales,2.95,2
222,Curtis Cruz,Operations,2.95,2
294,Scott Williams,Legal,2.95,2
317,Jason Morgan,Marketing,2.95,2
800,Edwin Hernandez,Finance,2.96,3
326,Daniel Meza,Engineering,2.97,3
764,Yolanda Burton,Marketing,2.97,3
849,Clayton Morales,Finance,2.98,3
85,Darren Johnson,HR,2.99,3
175,Christopher Parker,IT,2.99,3
334,John Conley,Operations,3.0,3
360,Elaine Williams,Sales,3.0,3
979,Kyle Elliott,IT,3.0,3
46,Victoria Garcia,HR,3.01,3
559,Eric Rush,Engineering,3.01,3
624,Mary Howard,HR,3.01,3
628,Ariana Bowers,Sales,3.01,3
892,Ashley Bell,Legal,3.01,3
553,Erika Cruz,Engineering,3.02,3
910,Brittany Morris,Engineering,3.02,3
320,Shelley Cook,Finance,3.03,3
890,Gregory Chambers,Sales,3.03,3
645,Kyle Lawson,Operations,3.04,3
894,Donna Boone,Finance,3.04,3
734,David Haas,Sales,3.05,3
742,Tiffany Jones,Engineering,3.05,3
785,Mark Martinez,Engineering,3.05,3
960,Kathryn Bates,Operations,3.05,3
700,Kevin Green,Sales,3.06,3
886,Tracey Waller,Marketing,3.07,3
569,Mark Allen,Sales,3.08,3
878,Mitchell Rodriguez,Operations,3.08,3
201,Jesse Morris,Marketing,3.09,3
850,Janice Jefferson,HR,3.09,3
282,Kylie Morales,Operations,3.1,3
570,Rachel Jones,Marketing,3.1,3
160,Sean Henry,Sales,3.11,3
337,Brenda Wright,Operations,3.11,3
139,Hannah Patterson,Operations,3.12,3
308,Denise Brown,Operations,3.12,3
82,Sharon Cochran,Operations,3.13,3
319,Diane Cummings,Finance,3.13,3
101,Bradley Robertson,Marketing,3.15,3
621,Brandon Robertson,HR,3.15,3
671,Scott Tran,Legal,3.15,3
776,John Horton,Operations,3.15,3
97,Stephanie Gilbert,Legal,3.16,3
155,Bryan Herrera,Engineering,3.16,3
762,Nicole Thompson,IT,3.16,3
38,Whitney Santos,Legal,3.17,3
323,Rebecca Li,HR,3.17,3
765,Susan Sloan,Marketing,3.17,3
868,Justin Smith,Marketing,3.17,3
318,Matthew Jones,Operations,3.18,3
523,Michael Smith,IT,3.18,3
945,Nicholas Freeman,IT,3.18,3
92,Joshua Ball,Operations,3.19,3
636,Michael Montoya,Marketing,3.19,3
936,Tyler Thomas,Engineering,3.19,3
541,Steven Rivera,Engineering,3.2,3
860,Danielle Reed,IT,3.2,3
346,Abigail Miller,IT,3.21,3
166,Joseph Hayes,Operations,3.23,3
186,Jordan Edwards,HR,3.23,3
656,Emily Dixon,Finance,3.23,3
973,Daniel Lopez,Engineering,3.23,3
265,Madeline Kelley,Legal,3.24,3
469,Brittany Adkins,Legal,3.24,3
864,Wayne Williams,Operations,3.24,3
400,Pamela Butler,Operations,3.25,3
494,Donna Cabrera,Finance,3.25,3
829,Bonnie Gross,Engineering,3.25,3
834,Michael Mccoy,HR,3.25,3
479,Kenneth Williams,Legal,3.26,3
134,Ashley Weiss,IT,3.27,3
194,Mitchell Hicks,Engineering,3.27,3
363,Richard Glenn,HR,3.28,3
151,Rebecca Davis,Finance,3.29,3
258,Christopher Williams,Operations,3.29,3
454,Kathleen Zuniga,Operations,3.29,3
508,Tina Smith,Legal,3.29,3
980,Matthew Campbell,Sales,3.29,3
67,Adam Montoya,Operations,3.32,3
315,Carrie Wright,Finance,3.32,3
452,Timothy Gentry,IT,3.32,3
561,Shannon Mccann,Operations,3.32,3
955,Alicia Hunter,Engineering,3.32,3
47,Shannon Wright,IT,3.34,3
547,Angelica Montgomery,Legal,3.34,3
253,Andrea Hubbard,Engineering,3.35,3
259,Patrick Alvarez,Sales,3.35,3
402,Robert Cohen,Legal,3.35,3
296,Jennifer Wilson,Finance,3.37,3
534,Jessica Mueller,Marketing,3.37,3
558,Lori Wheeler,HR,3.37,3
589,Michael Harris,Marketing,3.38,3
448,Aaron Pierce,Sales,3.39,3
481,Andres Ortiz,Marketing,3.39,3
125,Justin Johnson,Operations,3.4,3
292,Paul Thompson,Engineering,3.4,3
395,Madison Pierce,IT,3.4,3
399,Amber May,Sales,3.4,3
254,Sheila Murphy,Marketing,3.41,3
355,David Smith DDS,Finance,3.41,3
499,Dr. Megan Floyd,Marketing,3.41,3
185,Donna Landry,Operations,3.42,3
435,Thomas Peterson,Marketing,3.42,3
966,Amber Hooper,Engineering,3.42,3
4,Christina Santos,Legal,3.43,3
303,Christina Morrison,Legal,3.43,3
703,Joel Jackson,HR,3.43,3
949,Jessica Smith,Operations,3.43,3
584,Samuel Wong,Engineering,3.44,3
869,Lisa Torres,Marketing,3.44,3
826,George Barron,Engineering,3.46,3
661,Natalie Wilson,Marketing,3.47,3
434,Mary Fox,Engineering,3.48,3
129,Kimberly Cooke,Sales,3.49,3
322,Kurt Hurley,Engineering,3.49,3
483,Janet Kane DVM,Legal,3.49,3
641,Miranda Fuller,HR,3.49,3
48,Javier Ramirez,Finance,3.5,3
926,Reginald Lucas DVM,Finance,3.5,3
37,Joshua Blair,HR,3.51,3
757,Tracy Lawrence,Engineering,3.52,3
156,Cindy Washington,Engineering,3.53,3
490,Pamela Stephenson,Operations,3.53,3
565,Brian Elliott,Legal,3.53,3
96,Cameron Fisher,Finance,3.54,3
367,Blake Morrison,HR,3.54,3
605,Patrick Cannon,Sales,3.54,3
650,Victoria Peck MD,Finance,3.54,3
12,David Garcia,Operations,3.55,3
14,Taylor Wong,Finance,3.55,3
30,Lisa Hernandez,Engineering,3.55,3
204,Matthew Hoover,Marketing,3.55,3
257,Alexis Tyler,Operations,3.55,3
899,Nancy Hancock,HR,3.55,3
78,Brian Deleon,IT,3.56,3
675,Tiffany Jones DDS,Marketing,3.56,3
716,Rebecca Kelly,IT,3.56,3
779,Christine Holloway,Legal,3.57,3
946,Mary Garcia,Legal,3.57,3
348,Donna Turner,Marketing,3.58,3
526,Kendra Hill,HR,3.58,3
715,Amy Davies,Operations,3.58,3
17,Daryl Johnson,Operations,3.59,3
451,Brandon Andrews,Engineering,3.59,3
486,Daniel Smith,Marketing,3.59,3
501,Samuel Turner,Sales,3.59,3
897,Sara Vaughn,Finance,3.59,3
225,Melissa Garner,Finance,3.6,3
356,Lori Ingram,Engineering,3.6,3
531,Darrell Sutton PhD,Operations,3.6,3
839,Edward Williams,Operations,3.6,3
116,Melissa Mccarthy,Engineering,3.61,3
814,Scott Taylor,Engineering,3.61,3
930,Alan Nunez,Legal,3.61,3
852,Terri Moore,HR,3.62,3
867,Kathleen Valdez,Marketing,3.62,3
193,Susan Murray MD,Finance,3.63,3
274,Mary Christensen,HR,3.63,3
466,Eric Sullivan,HR,3.63,3
25,Wesley Valencia,Marketing,3.64,3
438,Valerie Evans,HR,3.64,3
944,Julia Dunn MD,Finance,3.64,3
6,Michael Peterson,Sales,3.65,3
538,Andrew Mcfarland,Operations,3.66,3
963,Dr. Karen Howard,Sales,3.66,3
189,Mario Wolf,Engineering,3.67,3
239,Rodney Bentley,Legal,3.67,3
171,Crystal Mann,IT,3.68,3
728,Miss Carrie Novak,IT,3.68,3
55,Edward Novak,Sales,3.69,3
419,Todd Fischer,Operations,3.69,3
774,Cynthia Reese,HR,3.69,3
789,Laura Hanna,Legal,3.69,3
158,Christopher Smith,Marketing,3.7,3
461,Stephanie Wilcox,Marketing,3.7,3
23,Ashley Burton,Finance,3.71,3
418,William Long,Operations,3.71,3
560,Regina Rivera,Marketing,3.71,3
52,Jennifer Brown,Legal,3.72,3
372,Rebecca Shelton,Engineering,3.72,3
751,Carolyn Carter,Finance,3.72,3
666,Kenneth Jones,Finance,3.73,3
726,James Garcia,Marketing,3.73,3
844,Julie Garcia,Engineering,3.73,3
741,Benjamin Singleton,IT,3.74,3
837,Brian Rodriguez,Finance,3.74,3
398,Sarah Elliott,Marketing,3.76,3
733,Mr. Keith Zuniga,Finance,3.76,3
693,Michael Mckenzie,Sales,3.77,3
745,Tommy Martin,IT,3.77,3
994,Shannon Campbell,Engineering,3.77,3
276,Daniel Douglas,Engineering,3.78,3
295,Scott Johnston,Marketing,3.78,3
453,Casey Gillespie,Legal,3.8,3
969,Matthew Houston,Legal,3.8,3
388,Eric Key,HR,3.81,3
724,Kevin Stark,Sales,3.81,3
771,Jason Reyes,Sales,3.81,3
59,Bryan Zamora,Finance,3.83,3
105,Cheyenne Horton,HR,3.83,3
443,Hannah Ramos,Marketing,3.83,3
462,Michael Lopez,Marketing,3.83,3
755,Darrell Adams,Operations,3.83,3
982,Kyle Norton,HR,3.83,3
653,Amanda Brown,Marketing,3.85,3
180,Trevor Key,IT,3.86,3
209,Marie Christian,Sales,3.87,3
604,Donald Medina,Sales,3.87,3
102,Robert Potter,Finance,3.88,3
782,Sherry Johnson,Legal,3.88,3
975,Karen Mendoza,Engineering,3.88,3
89,Mr. Brian Hamilton,Operations,3.89,3
712,Daniel Huang,Legal,3.89,3
799,Shannon Green,Sales,3.89,3
40,Crystal Robinson,IT,3.9,3
178,Andrew Reynolds,Sales,3.9,3
652,Patricia Smith,IT,3.9,3
75,Kimberly Davenport,Operations,3.91,3
519,Robert Jackson,HR,3.91,3
190,Tanya Kim,HR,3.92,3
470,Kirsten Ruiz,Sales,3.92,3
572,Joshua Gibbs,IT,3.92,3
578,Jill Myers,IT,3.92,3
420,Jonathan Williams,Engineering,3.93,3
793,Renee Torres,Marketing,3.94,3
832,Mary Valdez MD,Legal,3.94,3
237,Holly Gibbs,Sales,3.95,3
928,Robert Grant,Operations,3.95,3
997,Emily Cox,Operations,3.95,3
331,Christopher Kim,Engineering,3.96,3
353,Mrs. Kelly Romero,Finance,3.96,3
810,Richard Rivera,Finance,3.96,3
144,Nicholas Adams,Operations,3.97,3
404,Lisa Edwards,Operations,3.97,3
942,Ruben Lee,Operations,3.98,3
241,Connie Brown,Operations,3.99,3
244,Chad Chavez,Finance,3.99,3
905,Paul Payne,Operations,3.99,3
283,Amanda Reese,Engineering,4.0,3
422,Garrett Austin,IT,4.0,3
995,Colin Fletcher,Marketing,4.0,3
226,Kathleen Strong,Engineering,4.02,3
347,Joshua Acosta,Operations,4.02,3
680,Jennifer Hall,Legal,4.03,3
730,Eric Barker,Finance,4.03,3
632,Danielle Watson,HR,4.04,3
965,Terry Ward,Engineering,4.04,3
498,Mark Simmons,Operations,4.05,3
747,Miranda Blair,IT,4.05,3
199,Kevin Duarte,HR,4.06,3
595,Bradley Anderson,Finance,4.06,4
598,Michael Brewer,HR,4.06,4
702,Taylor Calderon,HR,4.06,4
933,Eric Miller,IT,4.06,4
32,Alicia Hickman,Finance,4.07,4
530,Jacqueline Sullivan,Operations,4.07,4
893,Mary Butler,Legal,4.07,4
39,Bryan Walker,HR,4.08,4
157,Kelly Campbell MD,HR,4.08,4
550,Eric Ward,HR,4.08,4
931,Lisa Avila,HR,4.08,4
210,Jamie Stewart,Marketing,4.09,4
366,Tim Stone,Sales,4.09,4
476,Katrina Stokes,IT,4.09,4
169,Mary Moore,HR,4.1,4
338,Kristen Garcia,IT,4.1,4
480,Zachary Michael,Finance,4.1,4
164,Kristine Torres,Operations,4.11,4
533,Amy Smith,Legal,4.11,4
709,Mark Pham,Engineering,4.11,4
788,Melissa Mitchell,Legal,4.11,4
957,Joshua Lutz,Sales,4.11,4
1,Alexander Hill,HR,4.12,4
506,Shelly Lopez,Marketing,4.12,4
510,Christine Herman,Operations,4.12,4
583,Francis Evans,Legal,4.12,4
576,Vincent Jordan,Finance,4.13,4
817,Cassandra Walters,Operations,4.13,4
341,Jerry Bailey,Sales,4.16,4
416,Juan Jones,IT,4.16,4
772,Amanda Hill,Marketing,4.16,4
536,Sean Clay,HR,4.17,4
911,Lisa Stanley,Engineering,4.17,4
99,Matthew Marshall,Sales,4.18,4
135,Alexander Collins,Legal,4.18,4
195,Veronica Sanchez,Sales,4.19,4
546,Teresa Reynolds,HR,4.19,4
807,Brent Anderson,IT,4.19,4
870,Michael Clements,Engineering,4.19,4
121,Nicole Payne,Legal,4.2,4
770,Brian Mitchell,Operations,4.2,4
883,Laura Cross,Sales,4.2,4
278,Renee Bruce,Operations,4.21,4
616,Meghan Davis DVM,Legal,4.21,4
795,Julie Byrd,Sales,4.21,4
220,Brooke Alexander,Legal,4.22,4
884,Kyle Andrade,Operations,4.23,4
206,Shane Alexander,HR,4.24,4
358,Peggy Marshall,IT,4.24,4
390,Mr. Jerry Frazier,HR,4.24,4
735,Ann Fletcher,Marketing,4.24,4
912,Hunter Bowers,Legal,4.24,4
640,Charles Moreno Jr.,Engineering,4.25,4
672,Jason Morris,IT,4.25,4
147,Catherine Lewis,Marketing,4.26,4
243,Elizabeth Vasquez,Engineering,4.26,4
440,Robert Hill,Operations,4.26,4
592,Joseph Fowler,HR,4.26,4
467,Michael Collins,Engineering,4.27,4
548,Bradley Moore,HR,4.28,4
564,Dana Bennett,Engineering,4.28,4
566,Michael Pierce,Engineering,4.28,4
374,Paula Diaz,Finance,4.29,4
496,Charles Keller,Engineering,4.29,4
218,Charles Murray,Engineering,4.3,4
853,Rebekah Gregory,Engineering,4.3,4
881,Kerry Williams,Operations,4.3,4
376,Phillip Berry,Engineering,4.31,4
475,Brian Harris,Legal,4.31,4
124,Bethany Dean,Engineering,4.32,4
154,Denise King,IT,4.33,4
450,Victor Morris,Operations,4.33,4
517,Matthew Cohen,IT,4.33,4
551,Chelsea Cole,Legal,4.33,4
968,Joshua Thompson,Operations,4.33,4
427,Tracy Patton,HR,4.34,4
909,David Rivera,Engineering,4.34,4
57,Sarah Moore,Marketing,4.35,4
446,Mckenzie Schmidt,Engineering,4.35,4
657,Joshua Myers,Engineering,4.35,4
670,John Reyes,Legal,4.35,4
373,Lawrence Harrington,Finance,4.36,4
646,Ryan Barrett,IT,4.36,4
843,David Hall,Operations,4.36,4
986,Jason Hernandez,IT,4.36,4
69,Kristen Nelson,IT,4.37,4
260,Brian Gordon,Operations,4.37,4
704,James Johnson,Marketing,4.37,4
906,Vincent Phillips,Legal,4.37,4
49,Jeremy Callahan,Engineering,4.38,4
500,Brittany Bennett,HR,4.38,4
659,Sarah Brown,HR,4.38,4
708,Breanna Gonzalez,Engineering,4.38,4
845,Dylan Solis,Sales,4.38,4
967,Kelly Gallegos,Finance,4.38,4
380,Thomas Henry,IT,4.39,4
457,Kathleen Mays,Engineering,4.39,4
972,Brenda Martin,Legal,4.4,4
993,Brent Anderson,Finance,4.4,4
362,David Mullins,Legal,4.42,4
428,Mikayla Silva,Engineering,4.42,4
600,Anthony Howard,Marketing,4.43,4
679,Steven Hodges,Operations,4.43,4
682,Samuel Acosta,IT,4.43,4
871,Daniel Gibson,Engineering,4.43,4
111,Kathy Rivas,Engineering,4.44,4
233,Sandra Scott,Sales,4.44,4
988,Bruce Olson,Legal,4.44,4
114,Donald Jones,IT,4.45,4
385,Jordan Martinez,IT,4.45,4
489,Molly Rodriguez,Sales,4.45,4
608,Wanda Garcia,IT,4.45,4
525,Katherine Smith,Operations,4.46,4
81,Nancy Cook,Sales,4.47,4
115,Emma Fernandez,Engineering,4.47,4
152,Eric Perkins,Legal,4.47,4
437,Cheryl Wright,Finance,4.47,4
823,David Steele,IT,4.47,4
172,Melissa Bradshaw,Engineering,4.48,4
181,Amanda Avila,Finance,4.48,4
132,Michael Elliott,Engineering,4.49,4
174,Maria Kerr,IT,4.49,4
329,Gabrielle Miranda,Marketing,4.49,4
491,Ashlee Johnson,Sales,4.49,4
377,Marie Wright,Marketing,4.5,4
562,Theresa Harris,Operations,4.5,4
73,Deborah Figueroa,Engineering,4.51,4
417,Douglas Hays,Marketing,4.51,4
914,Kimberly Davis,Engineering,4.51,4
153,Jeffery Reese,Sales,4.52,4
26,Melanie Herrera,Operations,4.53,4
379,Debbie Griffin,Finance,4.53,4
568,Sabrina Flynn,HR,4.53,4
875,Angel Martin,IT,4.53,4
990,Kelly Wood,Marketing,4.53,4
56,Nicole Brown,Marketing,4.55,4
442,Regina Roberts,Marketing,4.55,4
848,Marco Johns,IT,4.55,4
938,Juan Peters,IT,4.55,4
987,Lucas Williams,Operations,4.55,4
62,Jennifer Powers,Finance,4.56,4
465,Matthew Schwartz,Marketing,4.56,4
579,Jonathan Cooper,Operations,4.56,4
872,Kara Sandoval,Finance,4.56,4
811,Samuel Ruiz,HR,4.57,4
240,Alexander Henson,Engineering,4.58,4
368,Frank Miller,Sales,4.58,4
425,Michael Whitney,IT,4.58,4
493,Daniel Shields,Finance,4.58,4
112,Natasha Wells,Finance,4.59,4
354,Jeanette Harrison,IT,4.59,4
862,Mason Moore,Legal,4.59,4
998,David Wyatt,Sales,4.59,4
205,Amanda Shaw,Marketing,4.6,4
287,John Ramos,Engineering,4.6,4
813,Sharon James,Operations,4.6,4
74,Adam Jones,Operations,4.61,4
261,Rachel Camacho,Marketing,4.62,4
825,Edward Carter,Finance,4.62,4
929,Deanna Hughes,Sales,4.62,4
939,Kyle Medina,IT,4.62,4
98,Aaron Mitchell,IT,4.63,4
787,Hannah Martin,Finance,4.63,4
923,Tyler Medina,Marketing,4.63,4
488,David Reed,IT,4.64,4
718,Suzanne Johnson,Finance,4.64,4
588,Lucas Gonzalez,Sales,4.65,4
711,Jonathan Price,Finance,4.66,4
615,Donna Adams,Marketing,4.67,4
791,Richard Saunders,Engineering,4.67,4
108,Joseph Williams,IT,4.68,4
165,Phillip Obrien,Legal,4.68,4
824,Janet Chapman,IT,4.68,4
856,Jennifer Williams,IT,4.68,4
981,Willie Dillon,IT,4.68,4
743,Nicholas Payne,Finance,4.69,4
33,Elizabeth Brown,Sales,4.71,4
192,Krista Tran,IT,4.72,4
614,Douglas Ryan,Operations,4.72,4
149,Tiffany Miller,Marketing,4.73,4
384,Michael Ho,Engineering,4.73,4
819,Pamela Miller,Legal,4.73,4
971,Katelyn Olson,Finance,4.73,4
505,Connor Adams,Finance,4.74,4
552,Alexander Gomez,Operations,4.74,4
780,Sean Nicholson,Operations,4.74,4
887,Jason Graves,IT,4.74,4
50,Yvonne Huff,Marketing,4.75,4
857,Michele Gregory,Sales,4.75,4
874,Vincent Carter,Marketing,4.75,4
7,Gabrielle Davis,Finance,4.76,4
403,Anthony Gonzales,HR,4.76,4
953,Ryan Trevino,Operations,4.76,4
15,Nicholas Martin,IT,4.77,4
459,Dawn Lopez,Sales,4.77,4
117,Kimberly Perry,Legal,4.78,4
191,William Lynch,Marketing,4.78,4
473,Kristy Brown,Legal,4.78,4
798,Ashley Brown,Marketing,4.78,4
401,Mark Roberts,HR,4.79,4
692,Mr. Eric Baker,Engineering,4.79,4
805,Rachel Knox,Sales,4.79,4
827,Steven Howard,IT,4.79,4
833,James Kelley,Marketing,4.79,4
54,Zachary Peters,HR,4.8,4
602,Michael Perry,Operations,4.81,4
689,Emily Nelson,Finance,4.81,4
775,Alicia Roth,Marketing,4.81,4
677,Kristy Torres,Engineering,4.82,4
1000,Rachel Olson,Operations,4.82,4
103,Curtis Johnson,Sales,4.84,4
830,Holly Santos,Sales,4.84,4
846,Brandon Chang,HR,4.84,4
150,Peter Vaughn,Finance,4.85,4
290,Kyle Smith,Engineering,4.85,4
577,Jorge Stone,IT,4.85,4
639,Patricia Mullins,Engineering,4.85,4
974,Bailey Hall,HR,4.85,4
230,Jessica Riley,IT,4.86,4
691,Julie Russell,Finance,4.87,4
2,Michael Mcclain,HR,4.88,4
182,Thomas White,Operations,4.88,4
658,Michael Jones,Marketing,4.89,4
859,Kelly Haynes,Sales,4.89,4
215,Elaine Brooks,Sales,4.9,4
549,Nancy Stewart,Engineering,4.91,4
266,Kerry Chavez DDS,Operations,4.92,4
449,Timothy Johns,Sales,4.92,4
430,Amanda Vaughan,HR,4.93,4
674,Stephanie White,Sales,4.93,4
21,Lauren Hurst,Marketing,4.94,4
571,Jennifer Hunter,Engineering,4.94,4
58,Charlene Larson,Finance,4.95,4
188,Jason Lopez,Sales,4.95,4
409,Erin Lane,Operations,4.95,4
603,Angela Johnson,Legal,4.95,4
687,Jeffrey Brandt,Operations,4.95,4
35,Pamela Anderson,Sales,4.96,4
330,Carla Guerra,Sales,4.96,4
695,Henry Palmer,Legal,4.96,4
794,Jeff Bennett,Marketing,4.96,4
484,Matthew Ryan,HR,4.97,4
618,Danielle Dawson,Marketing,4.97,4
732,Vincent Johnson DDS,Engineering,4.98,4
279,Louis Day,Finance,4.99,4
405,Scott Hester,Sales,4.99,4
836,Ronald Garcia,Sales,4.99,4
882,Karen Romero,IT,4.99,4
70,Dalton Walters,Legal,5.0,4
321,Gregory Ponce,Engineering,5.0,4
